ingredient,raw,n_sources,herb_hits,mapped,CHP_ID,chinese,english,how,note,formula_n,has_props,review_needed,review_note,ambiguous,alt_candidates,norm_how
생강,생강,5,48,Y,CHP03683,生姜,Ginger,한자사전,생강→生姜,147,Y,N,,N,,원형
레몬,lemon peel|레몬|레몬제스트|레몬즙,5,45,Y,CHP02967,柠檬,Lemon,한자사전,레몬→柠檬,0,Y,N,,N,,동의어|영문사전|원형
마늘,마늘,4,42,Y,CHP00557,大蒜,Allium sativum,한자사전,마늘→大蒜,19,Y,N,,N,,원형
시나몬,시나몬,5,38,Y,CHP03344,肉桂,Chinese Cinnamon,한자사전,시나몬→肉桂,498,Y,N,,N,,원형
당근,당근,5,33,Y,CHP01517,胡萝卜,Carrot,한자사전,당근→胡萝卜,0,Y,N,,N,,원형
꿀,꿀,4,30,Y,CHP05807,蜂蜜,Honey,한자사전,꿀→蜂蜜,67,Y,N,,N,,원형
설탕,설탕|흑설탕,4,28,Y,CHP06212,白糖,Saccharum officinarum,한자사전,설탕→白糖,0,N,N,,N,,동의어|원형
닭고기,닭가슴살|닭고기|닭고기(구이),4,27,Y,CHP05882,鸡肉,Chicken Meat,한자사전,닭고기→鸡肉,1,Y,N,,N,,괄호제거|동의어|원형
오렌지,orange zest|오렌지|오렌지껍질|오렌지제스트,5,27,Y,CHP02035,橘子,Mandarin Orange,한자사전,오렌지→橘子,0,Y,N,,N,,동의어|영문사전|원형
고수,고수|고수(코리앤더)|고수씨|고수씨드,5,26,Y,CHP04901,芫荽,Coriandrum sativum,한자사전,고수→胡荽,7,Y,N,,N,,괄호제거|동의어|원형
사과,cooking apple|사과,5,24,Y,CHP03113,苹果,Malus pumila,한자사전,사과→苹果,2,Y,N,,N,,영문사전|원형
양파,양파,4,23,Y,CHP04992,洋葱,Allium cepa,한자사전,양파→洋葱,1,Y,N,,N,,원형
넛맥,넛맥|육두구,5,23,Y,CHP03342,肉豆蔻,Myristica fragrans,한자사전,넛맥→肉豆蔻,145,Y,N,,N,,동의어|원형
후추,백후추|통후추|후추,5,21,Y,CHP01515,胡椒,Piper nigrum,한자사전,후추→胡椒,46,Y,N,,N,,동의어|원형
정향,정향,5,19,Y,CHP00779,丁香,Clove,한자사전,정향→丁香,333,Y,N,,N,,원형
간장,간장,4,19,Y,CHP00375,豉汁,Soybean,한자사전,간장→豉汁,0,Y,Y,"豉汁=두시즙 — 현대 간장과 다름, 방제 0회",N,,원형
바질,바질,5,19,Y,CHP02502,罗勒,Ocimum basilicum,한자사전,바질→罗勒,3,Y,N,,N,,원형
카다멈,cardamom|카다멈,5,18,Y,CHP00844,豆蔻,Elettaria cardamomum,한자사전,카다멈→豆蔻,204,Y,N,,N,,영문사전|원형
버터,버터,3,17,Y,CHP06016,酥油,Cattle Oil,한자사전,버터→酥油,0,Y,Y,酥油=Cattle Oil(수유) — 유지방이나 버터와 정확히 동일하진 않음,N,,원형
로즈마리,로즈마리,5,17,Y,CHP02781,迷迭香,Salvia rosmarinus,한자사전,로즈마리→迷迭香,0,Y,N,,N,,원형
고추,고추|고춧가루,5,17,Y,CHP02172,辣椒,Capsicum annuum,한자사전,고추→辣椒,31,Y,N,,N,,동의어|원형
바닐라,바닐라,4,16,Y,CHP04551,香草兰,Vanilla planifolia,한자사전,바닐라→香草兰,1,Y,Y,香草兰=Vanilla planifolia 정확하나 방제 1회로 사실상 미사용,N,,원형
올리브오일,올리브오일,4,16,Y,CHP01138,橄榄,Chinese Olive,한자사전,올리브오일→橄榄,1,Y,N,,N,,원형
셀러리,셀러리|셀러리악(뿌리셀러리),5,15,Y,CHP01350,旱芹,Apium graveolens,한자사전,셀러리→芹菜,0,Y,N,,N,,괄호제거+동의어|원형
대파,대파|리크(대파)|쪽파,4,15,Y,CHP00458,葱白,Welsh Onion,한자사전,대파→葱白,1,Y,N,,N,,괄호제거+동의어|동의어|원형
코코넛밀크,coconut milk|코코넛밀크,4,15,Y,CHP05008,椰子浆,Coconut,한자사전,코코넛밀크→椰子浆,1,Y,N,,N,,영문사전|원형
민트,민트|스피어민트|콘민트|페퍼민트,4,15,Y,CHP00216,薄荷,Mentha x piperita,한자사전,민트→薄荷,846,Y,N,,N,,동의어|원형
팔각,팔각,4,15,Y,CHP00030,八角茴香,Illicium verum,한자사전,팔각→八角茴香,39,Y,N,,N,,원형
토마토,토마토,4,14,Y,CHP00989,番茄,Solanum lycopersicum,한자사전,토마토→番茄,0,Y,N,,N,,원형
돼지고기,돼지갈비|돼지고기|돼지고기(폭찹구이)|삼겹살,3,14,N,,,,실패,,0,N,N,,N,,괄호제거|동의어|원형
호두,호두,4,13,Y,CHP01367,核桃仁,English Walnut,한자사전,호두→核桃仁,48,Y,N,,N,,원형
월계수,월계수|월계수잎,4,13,Y,CHP05320,月桂叶,Bay Leaf,한자사전,월계수→月桂叶,0,Y,N,,N,,동의어|원형
배,배,3,13,Y,CHP02265,梨子,Pyrus pyrifolia,한자사전,배→梨,8,Y,N,,N,,원형
딜,딜,4,12,Y,CHP03766,莳萝,Anethum graveolens,한자사전,딜→莳萝,0,Y,N,,N,,원형
타임,타임,5,12,Y,CHP00173,百里香,Thyme Herb,한자사전,타임→百里香,0,Y,N,,N,,원형
커민,커민|커민씨드,5,12,Y,CHP05607,孜然,Cuminum cyminum,한자사전,커민→孜然,0,Y,N,,N,,동의어|원형
라임,라임|라임즙,3,11,N,,,,실패,,0,N,N,,N,,동의어|원형
밀가루,밀가루,1,10,Y,CHP04697,小麦,Wheat,한자사전,밀가루→小麦,12,Y,N,,N,,원형
아몬드,아몬드,4,10,Y,CHP04065,桃仁,Prunus dulcis,한자사전,아몬드→桃仁,264,Y,Y,桃仁=Prunus dulcis로 기재됐으나 통상 桃仁은 복숭아씨(P. persica) — D6 학명 의심,N,,원형
참기름,참기름,4,10,Y,CHP05104,野芝麻,Sesame,한자사전,참기름→芝麻,49,Y,N,,N,,원형
파슬리,파슬리,4,10,Y,CHP06209,欧芹菜籽,Petroselinum crispum,한자사전,파슬리→欧芹菜籽,0,N,Y,"欧芹菜籽=파슬리 씨앗 — 잎이 아님, D7 성미 없음",N,,원형
오레가노,오레가노,2,10,Y,CHP03028,牛至,Origanum vulgare,한자사전,오레가노→牛至,6,Y,N,,N,,원형
블랙커런트,블랙커런트,1,10,N,,,,실패,,0,N,N,,N,,원형
회향,회향|회향씨|회향씨(펜넬씨드),4,10,Y,CHP01757,茴香,Pimpinella anisum,한자사전,회향→茴香,128,Y,N,,N,,괄호제거+동의어|동의어|원형
올스파이스,올스파이스,4,9,N,,,,실패,,0,N,N,,N,,원형
차,차,2,9,Y,CHP00333,茶叶,Tea Plant,한자사전,차→茶叶,34,Y,N,,N,,원형
강황,강황,4,9,Y,CHP01864,姜黄,Curcuma longa,한자사전,강황→姜黄,101,Y,N,,N,,원형
버섯,버섯,4,9,Y,CHP06117,蘑菇,Agaricus bisporus,한자사전,버섯→蘑菇,1,Y,N,,N,,원형
초콜릿,초콜릿,3,9,N,,,,실패,,0,N,N,,N,,원형
식초,식초|쌀식초,3,8,N,,,,실패,,0,N,N,,N,,동의어|원형
계란,계란,1,8,Y,CHP05886,鸡子,Chicken Egg,한자사전,계란→鸡子,0,Y,Y,"鸡子=Chicken Egg 정확, 방제 0회",N,,원형
건포도,sultana|건포도,4,8,Y,CHP03130,葡萄,Vitis vinifera,한자사전,건포도→葡萄,14,Y,N,,N,,영문사전|원형
식용유,식용유,1,8,N,,,,실패,,0,N,N,,N,,원형
바나나,banana|바나나,5,8,Y,CHP04568,香蕉,Musa acuminata,한자사전,바나나→香蕉,0,Y,N,,N,,영문사전|원형
코코넛,코코넛,4,8,Y,CHP05007,椰子,Coconut,한자사전,코코넛→椰子,0,Y,N,,N,,원형
살구,살구,2,7,Y,CHP04798,杏子,Apricot,한자사전,살구→杏子,0,Y,N,,N,,원형
마조람,마조람,1,7,N,,,,실패,,0,N,N,,N,,원형
딸기,딸기,4,7,Y,CHP00319,草莓,Fragaria x ananassa,한자사전,딸기→草莓,3,Y,N,,N,,원형
양고기,양고기,3,7,Y,CHP06052,羊脬,Ovis aries,한자사전,양고기→羊脬,0,Y,Y,羊脬=Ovis aries(양 방광) — 고기가 아님,N,,원형
표고버섯,표고버섯,4,6,Y,CHP06131,香菇,Lentinula edodes,한자사전,표고버섯→香菇,9,Y,N,,N,,원형
소금후추,소금후추,1,6,N,,,,실패,,0,N,N,,N,,원형
쌀,쌀,2,6,Y,CHP01988,粳米,Rice,한자사전,쌀→粳米,3,Y,N,,N,,원형
망고,망고,3,6,Y,CHP02638,芒果,Mangifera indica Fruit,한자사전,망고→芒果,0,Y,N,,N,,원형
구아바,구아바,1,6,Y,CHP00990,番石榴,Guava,한자사전,구아바→番石榴,0,Y,N,,N,,원형
소고기,소고기,2,6,N,,,,실패,,0,N,N,,N,,원형
파인애플,파인애플,3,6,N,,,,실패,,0,N,N,,N,,원형
메이플시럽,메이플시럽,3,6,Y,CHP04407,五龙皮,Maple Bark,한자사전,메이플시럽→五龙皮,0,Y,Y,五龙皮=Maple Bark(단풍나무 껍질) — 시럽이 아니라 수피. 성미 참고용,N,,원형
고구마,고구마,3,6,Y,CHP01126,甘薯,Dioscorea esculenta,한자사전,고구마→甘薯,0,Y,N,,N,,원형
요거트,요거트,3,6,N,,,,실패,,0,N,N,,N,,원형
닭육수,닭육수,2,5,N,,,,실패,,0,N,N,,N,,원형
감자,감자,4,5,Y,CHP02583,马铃薯,Solanum tuberosum,한자사전,감자→马铃薯,0,Y,N,,N,,원형
된장,miso|미소된장,4,5,Y,CHP00630,淡豆豉,Soybean,한자사전,된장→豆豉,54,Y,N,,N,,동의어|영문사전
만다린오렌지,만다린 오렌지,1,5,Y,CHP02035,橘子,Mandarin Orange,한자사전,만다린오렌지→橘子,0,Y,Y,橘子 — 오렌지(甜橙)와 구분 필요,N,,원형
녹차,녹차,2,5,Y,CHP00333,茶叶,Tea Plant,한자사전,녹차→茶叶,34,Y,N,,N,,원형
구기자,구기자,2,5,Y,CHP01236,枸杞子,Goji Berry Seed,한자사전,구기자→枸杞子,664,Y,N,,N,,원형
깨,참깨|참깨(참기름·깨)|흑임자,2,5,Y,CHP05104,野芝麻,Sesame,한자사전,깨→芝麻,49,Y,N,,N,,괄호제거+동의어|동의어
새우,새우,2,5,N,,,,실패,,0,N,N,,N,,원형
우유,우유,2,4,N,,,,실패,,0,N,N,,N,,원형
크림,double cream|크림,2,4,N,,,,실패,,0,N,N,,N,,영문사전|원형
소금,소금,1,4,Y,CHP06193,食盐,Sal,한자사전,소금→食盐,7,Y,N,,N,,원형
무,무,3,4,Y,CHP02178,莱菔,Radish,한자사전,무→莱菔,0,Y,N,,N,,원형
카이엔페퍼,카이엔페퍼,2,4,Y,CHP02172,辣椒,Capsicum annuum,한자사전,카이엔페퍼→辣椒,31,Y,N,,N,,원형
오이,오이,4,4,Y,CHP01644,黄瓜,Cucumber,한자사전,오이→黄瓜,0,Y,N,,N,,원형
레몬그라스,레몬그라스,3,4,Y,CHP04571,香茅,Cymbopogon citratus,한자사전,레몬그라스→香茅,6,Y,N,,N,,원형
아보카도,아보카도,2,4,Y,CHP05403,樟梨,Persea americana,한자사전,아보카도→樟梨,0,Y,Y,"樟梨=Persea americana 학명 일치, 방제 0회",N,,원형
귀리,귀리,2,4,Y,CHP04951,燕麦,Avena sativa,한자사전,귀리→燕麦,0,Y,N,,N,,원형
아티초크,아티초크,2,4,Y,CHP00294,菜蓟,Cynara cardunculus,한자사전,아티초크→菜蓟,0,Y,N,,N,,원형
히솝오일,히솝 오일,1,4,N,,,,실패,,0,N,N,,N,,원형
세이지,세이지,2,4,N,,,,실패,,0,N,N,,N,,원형
계화,계화,2,4,Y,CHP01316,桂花,Sweet Osmanthus,한자사전,계화→桂花,0,Y,N,,N,,원형
렌틸콩,렌틸콩,2,4,N,,,,실패,,0,N,N,,N,,원형
대추,대추|홍대추,2,4,Y,CHP00608,大枣,Jujube,한자사전,대추→大枣,325,Y,N,,N,,동의어|원형
커피,커피,3,4,Y,CHP02062,咖啡,Coffea arabica,한자사전,커피→咖啡,0,Y,N,,N,,원형
화자오,화자오(산초),3,4,N,,,,실패,,0,N,N,,N,,괄호제거
시금치,시금치,2,4,Y,CHP00281,菠菜,Spinacia oleracea,한자사전,시금치→菠菜,0,Y,N,,N,,원형
베이킹소다,베이킹소다,1,3,N,,,,실패,,0,N,N,,N,,원형
베이킹파우더,베이킹파우더,1,3,N,,,,실패,,0,N,N,,N,,원형
다시,dashi|dashi stock|다시,2,3,N,,,,실패,,0,N,N,,N,,영문사전|원형
연근,연근,3,3,Y,CHP03057,藕蔤,Sacred Lotus,한자사전,연근→藕蔤,2,Y,N,,N,,원형
미림,미림,3,3,N,,,,실패,,0,N,N,,N,,원형
두부,tofu|두부,2,3,Y,CHP00838,豆腐,Soybean,한자사전,두부→豆腐,0,Y,N,,N,,영문사전|원형
사케,사케,2,3,N,,,,실패,,0,N,N,,N,,원형
화이트와인,화이트와인,3,3,N,,,,실패,,0,N,N,,N,,원형
옥수수,옥수수,1,3,N,,,,실패,,0,N,N,,N,,원형
대추야자,대추야자,1,3,N,,,,실패,,0,N,N,,N,,원형
파파야,파파야,1,3,Y,CHP00987,番木瓜,Carica papaya,한자사전,파파야→番木瓜,0,Y,N,,N,,원형
무화과,무화과,1,3,Y,CHP04368,无花果,Ficus carica,한자사전,무화과→无花果,1,Y,N,,N,,원형
포도,포도,1,3,Y,CHP03130,葡萄,Vitis vinifera,한자사전,포도→葡萄,14,Y,N,,N,,원형
파마산치즈,파마산치즈,3,3,N,,,,실패,,0,N,N,,N,,원형
피칸,피칸,2,3,N,,,,실패,,0,N,N,,N,,원형
호박,호박,2,3,Y,CHP02925,南瓜,Pumpkin,한자사전,호박→南瓜,1,Y,N,,N,,원형
페타치즈,페타치즈,3,3,N,,,,실패,,0,N,N,,N,,원형
수박,수박,3,3,Y,CHP04449,西瓜,Watermelon,한자사전,수박→西瓜,3,Y,N,,N,,원형
베이컨,베이컨,2,3,N,,,,실패,,0,N,N,,N,,원형
콜리플라워,콜리플라워,3,3,N,,,,실패,,0,N,N,,N,,원형
감초,감초,2,3,Y,CHP01118,甘草,Licorice Root,한자사전,감초→甘草,2278,Y,N,,N,,원형
피스타치오,피스타치오,1,3,Y,CHP04382,无名子,Pistacia vera,한자사전,피스타치오→无名子,1,Y,N,,N,,원형
찹쌀,찹쌀,2,2,Y,CHP03039,糯米,Rice,한자사전,찹쌀→糯米,10,Y,N,,N,,원형
계란노른자,계란노른자,1,2,N,,,,실패,,0,N,N,,N,,원형
오렌지주스,오렌지주스,1,2,N,,,,실패,,0,N,N,,N,,원형
피망,피망,2,2,N,,,,실패,,0,N,N,,N,,원형
체리모야,체리모야,1,2,N,,,,실패,,0,N,N,,N,,원형
레드커런트,레드커런트,1,2,N,,,,실패,,0,N,N,,N,,원형
엘더베리,엘더베리,1,2,N,,,,실패,,0,N,N,,N,,원형
보리,보리,1,2,Y,CHP00534,大麦,Barley,한자사전,보리→大麦,2,Y,N,,N,,원형
빵,빵,1,2,N,,,,실패,,0,N,N,,N,,원형
러비지,러비지,1,2,N,,,,실패,,0,N,N,,N,,원형
패션프루트,패션프루트,1,2,N,,,,실패,,0,N,N,,N,,원형
메밀,메밀,1,2,Y,CHP03213,荞麦,Fagopyrum esculentum,한자사전,메밀→荞麦,0,Y,N,,N,,원형
아주완씨앗,아주완 씨앗,1,2,N,,,,실패,,0,N,N,,N,,원형
자몽,자몽,2,2,N,,,,실패,,0,N,N,,N,,원형
크랜베리,크랜베리,2,2,N,,,,실패,,0,N,N,,N,,원형
용안육,용안육,2,2,Y,CHP02427,龙眼肉,Longan,한자사전,용안육→龙眼肉,62,Y,N,,N,,원형
홍차,홍차,2,2,Y,CHP00333,茶叶,Tea Plant,한자사전,홍차→茶叶,34,Y,N,,N,,원형
인삼,인삼,2,2,Y,CHP03319,人参,Ginseng Root,한자사전,인삼→人参,754,Y,N,,N,,원형
연자육,연자육,2,2,Y,CHP02312,莲子,Sacred Lotus,한자사전,연자육→莲子,81,Y,N,,N,,원형
주니퍼베리,주니퍼베리,2,2,Y,CHP00441,刺柏,Juniperus formosana,한자사전,주니퍼베리→刺柏,8,Y,Y,刺柏=Juniperus formosana(대만종) — J. communis 아님,N,,원형
루바브,루바브,2,2,Y,CHP00513,大黄,Rhubarb Rhizome,한자사전,루바브→大黄,752,Y,N,,N,,원형
흰강낭콩,흰강낭콩,2,2,N,,,,실패,,0,N,N,,N,,원형
레드와인,레드와인,2,2,N,,,,실패,,0,N,N,,N,,원형
프로슈토,프로슈토,2,2,N,,,,실패,,0,N,N,,N,,원형
베리,베리류,2,2,N,,,,실패,,0,N,N,,N,,동의어
오리고기,오리고기,2,2,Y,CHP06341,鸭肉,Anas platyrhynchos Meat,한자사전,오리고기→鸭肉,0,N,N,,N,,원형
병아리콩,병아리콩,1,2,N,,,,실패,,0,N,N,,N,,원형
완두콩,완두콩,2,2,Y,CHP04276,豌豆,Pisum sativum,한자사전,완두콩→豌豆,0,Y,N,,N,,원형
복숭아,복숭아,2,2,Y,CHP04070,桃子,Peach,한자사전,복숭아→桃,0,Y,N,,N,,원형
호로파,호로파,2,2,Y,CHP01516,胡芦巴,Trigonella foenum-graecum,한자사전,호로파→胡芦巴,37,Y,N,,N,,원형
겨자씨,겨자씨,2,2,Y,CHP01898,芥子,Mustard Seed,한자사전,겨자씨→芥子,21,Y,N,,N,,원형
국화,국화,2,2,Y,CHP02019,菊花,Florist's Chrysanthemum,한자사전,국화→菊花,208,Y,N,,N,,원형
청경채,청경채,1,2,N,,,,실패,,0,N,N,,N,,원형
오향분,오향분,1,2,N,,,,실패,,0,N,N,,N,,원형
카이란,카이란(중국브로콜리),1,2,N,,,,실패,,0,N,N,,N,,괄호제거
파스닙,파스닙,1,2,N,,,,실패,,0,N,N,,N,,원형
생선,생선|생선(연어),2,2,Y,CHP06059,鱼鳔,Fish Maw,한자사전,생선→鱼鳔,7,Y,Y,鱼鳔=Fish Maw(부레) — 생선 일반이 아님,N,,괄호제거|원형
아스파라거스,아스파라거스,1,2,Y,CHP02441,芦根,Reed Rhizome,한자사전,아스파라거스→芦笋,87,Y,N,,N,,원형
케이퍼,케이퍼,1,2,N,,,,실패,,0,N,N,,N,,원형
굴소스,굴소스,1,2,N,,,,실패,,0,N,N,,N,,원형
바닐라빈,바닐라빈,1,2,N,,,,실패,,0,N,N,,N,,원형
석류,석류,2,2,Y,CHP04002,酸石榴,Pomegranate,한자사전,석류→石榴,66,Y,N,,N,,원형
커런트,currant,1,1,N,,,,실패,,0,N,N,,N,,영문사전
젤라틴,gelatin powder,1,1,N,,,,실패,,0,N,N,,N,,영문사전
lindisfarne mead,lindisfarne mead,1,1,N,,,,실패,,0,N,N,,N,,영문미해결
체리,체리,1,1,N,,,,실패,,0,N,N,,N,,원형
비트,비트,1,1,Y,CHP04113,甜菜,Beta vulgaris,한자사전,비트→甜菜,0,Y,Y,"甜菜=Beta vulgaris 학명 일치, 방제 0회",N,,원형
토마토페이스트,토마토페이스트,1,1,N,,,,실패,,0,N,N,,N,,원형
양배추,양배추,1,1,Y,CHP01897,芥蓝,Brassica oleracea,한자사전,양배추→甘蓝,0,Y,N,,N,,원형
토란,taro root,1,1,Y,CHP05295,芋头,Colocasia esculenta,한자사전,토란→芋,1,Y,N,,N,,영문사전
전분,전분,1,1,N,,,,실패,,0,N,N,,N,,원형
우엉,우엉,1,1,Y,CHP02983,牛蒡根,Arctium lappa Root,한자사전,우엉→牛蒡根,0,Y,N,,N,,원형
파프리카,파프리카,1,1,N,,,,실패,,0,N,N,,N,,원형
이스트,이스트,1,1,N,,,,실패,,0,N,N,,N,,원형
호밀가루,rye flour,1,1,N,,,,실패,,0,N,N,,N,,영문사전
vodka,vodka,1,1,N,,,,실패,,0,N,N,,N,,영문미해결
orange juice concentrate,orange juice concentrate,1,1,N,,,,실패,,0,N,N,,N,,영문미해결
계란흰자,계란흰자,1,1,N,,,,실패,,0,N,N,,N,,원형
바닐라익스트랙,바닐라익스트랙,1,1,N,,,,실패,,0,N,N,,N,,원형
tang orange crystal,tang orange crystal,1,1,N,,,,실패,,0,N,N,,N,,영문미해결
플레인요거트,플레인요거트,1,1,N,,,,실패,,0,N,N,,N,,원형
strawberry,strawberry,1,1,N,,,,실패,,0,N,N,,N,,영문미해결
빨간파프리카,빨간파프리카,1,1,N,,,,실패,,0,N,N,,N,,원형
채소육수,채소육수,1,1,N,,,,실패,,0,N,N,,N,,원형
couscous,couscous,1,1,N,,,,실패,,0,N,N,,N,,영문미해결
lamb,lamb,1,1,N,,,,실패,,0,N,N,,N,,영문미해결
saffron,saffron,1,1,N,,,,실패,,0,N,N,,N,,영문미해결
켈프,켈프,1,1,N,,,,실패,,0,N,N,,N,,원형
페이조아,페이조아,1,1,N,,,,실패,,0,N,N,,N,,원형
두리안,두리안,1,1,N,,,,실패,,0,N,N,,N,,원형
빌베리,빌베리,1,1,N,,,,실패,,0,N,N,,N,,원형
자두,자두,1,1,N,,,,실패,,0,N,N,,N,,원형
멜론,멜론,1,1,Y,CHP04119,甜瓜蒂,Melon,한자사전,멜론→甜瓜蒂,2,Y,Y,甜瓜蒂=Melon(꼭지) — 과육이 아니라 꼭지,N,,원형
카놀라유,카놀라유,1,1,N,,,,실패,,0,N,N,,N,,원형
레몬밤,레몬밤,1,1,Y,CHP06220,蜜蜂花,Melissa officinalis,한자사전,레몬밤→蜜蜂花,0,N,Y,"蜜蜂花=Melissa officinalis 정확, D7 성미 없음",N,,원형
사워체리,사워체리,1,1,N,,,,실패,,0,N,N,,N,,원형
블루베리,블루베리,1,1,N,,,,실패,,0,N,N,,N,,원형
링곤베리,링곤베리,1,1,N,,,,실패,,0,N,N,,N,,원형
쓴체리,쓴체리,1,1,N,,,,실패,,0,N,N,,N,,원형
카시아,카시아,1,1,N,,,,실패,,0,N,N,,N,,원형
키위,키위,1,1,N,,,,실패,,0,N,N,,N,,원형
체더치즈,체더치즈,1,1,N,,,,실패,,0,N,N,,N,,원형
블루치즈,블루치즈,1,1,N,,,,실패,,0,N,N,,N,,원형
맥주,맥주,1,1,N,,,,실패,,0,N,N,,N,,원형
코냑브랜디,코냑 브랜디,1,1,N,,,,실패,,0,N,N,,N,,원형
스위스치즈,스위스치즈,1,1,N,,,,실패,,0,N,N,,N,,원형
셰리,셰리,1,1,N,,,,실패,,0,N,N,,N,,원형
럼,럼,1,1,N,,,,실패,,0,N,N,,N,,원형
대두,대두,1,1,N,,,,실패,,0,N,N,,N,,원형
대추차블렌드,대추차 블렌드(계화),1,1,N,,,,실패,,0,N,N,,N,,괄호제거
황기,황기,1,1,Y,CHP01717,黄芪,Astragalus Root,한자사전,황기→黄芪,1306,Y,N,,N,,원형
진,진,1,1,N,,,,실패,,0,N,N,,N,,원형
캐러웨이,캐러웨이,1,1,N,,,,실패,,0,N,N,,N,,원형
베르가못,베르가못,1,1,N,,,,실패,,0,N,N,,N,,원형
캐모마일,캐모마일,1,1,N,,,,실패,,0,N,N,,N,,원형
엘더플라워,엘더플라워,1,1,N,,,,실패,,0,N,N,,N,,원형
시트러스,시트러스(오렌지·레몬),1,1,N,,,,실패,,0,N,N,,N,,괄호제거
백합근,백합근,1,1,N,,,,실패,,0,N,N,,N,,원형
녹두,녹두,1,1,Y,CHP02528,绿豆,Mung Bean,한자사전,녹두→绿豆,14,Y,N,,N,,원형
아니스,아니스,1,1,N,,,,실패,,0,N,N,,N,,원형
칠리플레이크,칠리플레이크,1,1,N,,,,실패,,0,N,N,,N,,원형
염소치즈,염소치즈,1,1,N,,,,실패,,0,N,N,,N,,원형
소시지,소시지,1,1,N,,,,실패,,0,N,N,,N,,원형
소고기육수,소고기육수,1,1,N,,,,실패,,0,N,N,,N,,원형
옥수수전분,옥수수전분,1,1,N,,,,실패,,0,N,N,,N,,원형
청주,청주(미주),1,1,N,,,,실패,,0,N,N,,N,,괄호제거
다크럼,다크럼,1,1,N,,,,실패,,0,N,N,,N,,원형
칠리파우더,칠리파우더,1,1,N,,,,실패,,0,N,N,,N,,원형
마시멜로,마시멜로,1,1,N,,,,실패,,0,N,N,,N,,원형
캐슈넛,캐슈넛,1,1,Y,CHP00832,都咸,Anacardium occidentale,한자사전,캐슈넛→都咸,0,Y,Y,"都咸=Anacardium occidentale 학명 일치, 방제 0회",N,,원형
커리잎,커리잎,1,1,N,,,,실패,,0,N,N,,N,,원형
얼음설탕,얼음설탕(빙당),1,1,N,,,,실패,,0,N,N,,N,,괄호제거
진피,진피(말린 귤껍질),1,1,Y,CHP00361,陈皮,Tangerine Peel,한자사전,진피→陈皮,902,Y,N,,N,,괄호제거
팥앙금,팥앙금,1,1,N,,,,실패,,0,N,N,,N,,원형
피시소스,피시소스,1,1,N,,,,실패,,0,N,N,,N,,원형
갈랑갈,갈랑갈,1,1,Y,CHP01161,高良姜,Alpinia officinarum,한자사전,갈랑갈→高良姜,96,Y,N,,N,,원형
관자,관자,1,1,N,,,,실패,,0,N,N,,N,,원형
선드라이토마토,선드라이토마토,1,1,N,,,,실패,,0,N,N,,N,,원형
루꼴라,루꼴라,1,1,Y,CHP05473,芝麻菜,Eruca vesicaria,한자사전,루꼴라→芝麻菜,0,Y,Y,"芝麻菜=Eruca vesicaria 학명 일치, 방제 0회",N,,원형
모차렐라치즈,모차렐라치즈,1,1,N,,,,실패,,0,N,N,,N,,원형
방울토마토,방울토마토,1,1,N,,,,실패,,0,N,N,,N,,원형
부라타치즈,부라타치즈,1,1,N,,,,실패,,0,N,N,,N,,원형
안초비,안초비,1,1,N,,,,실패,,0,N,N,,N,,원형
피칸프랄린,피칸프랄린,1,1,N,,,,실패,,0,N,N,,N,,원형
장미잼,장미잼,1,1,N,,,,실패,,0,N,N,,N,,원형
코코넛오일,코코넛오일,1,1,N,,,,실패,,0,N,N,,N,,원형
아몬드추출액,아몬드추출액,1,1,N,,,,실패,,0,N,N,,N,,원형
카라멜소스,카라멜소스,1,1,N,,,,실패,,0,N,N,,N,,원형
초콜릿칩,초콜릿칩,1,1,N,,,,실패,,0,N,N,,N,,원형
오트밀,오트밀,1,1,N,,,,실패,,0,N,N,,N,,원형
카라멜,카라멜,1,1,N,,,,실패,,0,N,N,,N,,원형
당밀,당밀,1,1,N,,,,실패,,0,N,N,,N,,원형
장미꽃잎,장미꽃잎,1,1,N,,,,실패,,0,N,N,,N,,원형
카레가루,카레가루,1,1,N,,,,실패,,0,N,N,,N,,원형
파프리카가루,파프리카가루,1,1,N,,,,실패,,0,N,N,,N,,원형
머스터드,머스터드,1,1,Y,CHP01898,芥子,Mustard Seed,한자사전,머스터드→芥子,21,Y,N,,N,,원형
차이브,차이브,1,1,N,,,,실패,,0,N,N,,N,,원형
가람마살라,가람마살라,1,1,N,,,,실패,,0,N,N,,N,,원형
해선장,해선장,1,1,N,,,,실패,,0,N,N,,N,,원형
홍피망,홍피망,1,1,N,,,,실패,,0,N,N,,N,,원형
라즈베리,라즈베리,1,1,Y,CHP01114,覆盆子,Rubus chingii,한자사전,라즈베리→覆盆子,92,Y,Y,"覆盆子=Rubus chingii(복분자) — 서양 라즈베리와 다른 종, 방제 92회",N,,원형
콩,콩류,1,1,Y,CHP00486,大豆,Soybean,한자사전,콩→大豆,5,Y,N,,N,,동의어
밤,밤,1,1,Y,CHP02283,栗,Chinese Chestnut,한자사전,밤→栗,0,Y,N,,N,,원형
곤약,곤약,1,1,Y,CHP02831,魔芋,Amorphophallus konjac,한자사전,곤약→魔芋,0,Y,N,,N,,원형
다시마,해조류(김·미역),1,1,Y,CHP01334,海带,Saccharina japonica,한자사전,다시마→海带,36,Y,N,,N,,괄호제거+동의어
해산물,해산물,1,1,N,,,,실패,,0,N,N,,N,,원형
스타프루트,스타프루트,1,1,N,,,,실패,,0,N,N,,N,,원형
